{
    "0.0": [
        34.69592656339644,
        34.69592656339644,
        34.69592656339644
    ],
    "500.0": [
        39.79728437559763,
        39.90724803977816,
        40.44750430292599
    ],
    "1000.0": [
        41.7766303308472,
        41.98221457257602,
        42.46987951807229
    ],
    "1500.0": [
        43.14878561866514,
        43.01969783897495,
        43.80378657487091
    ],
    "2000.0": [
        44.21495505832855,
        44.128896538535095,
        44.740868234844136
    ],
    "2500.0": [
        44.889080130043986,
        44.77433543698604,
        45.137693631669535
    ],
    "3000.0": [
        45.40065021992733,
        45.386307133295084,
        46.026965002868614
    ],
    "3500.0": [
        46.046089118378276,
        45.91222030981067,
        46.40466628418436
    ],
    "4000.0": [
        47.054886211512716,
        46.18951998470071,
        46.82539682539682
    ],
    "4500.0": [
        47.22222222222222,
        46.662841843564735,
        47.09791547140945
    ],
    "5000.0": [
        47.365653088544654,
        46.53375406387455,
        46.964046662841845
    ],
    "args": {
        "id": "clipart2sketch",
        "al_strat": "uniform",
        "da_strat": "ft",
        "model_init": "source",
        "runs": 3,
        "source": "clipart",
        "target": "sketch",
        "total_budget": 5000,
        "num_rounds": 10,
        "cnn": "ResNet34",
        "optimizer": "Adam",
        "use_cuda": true,
        "batch_size": 128,
        "lr": 1e-05,
        "wd": 1e-05,
        "num_epochs": 50,
        "adapt_lr": 1e-05,
        "adapt_num_epochs": 20
    }
}