{
    "0.0": [
        34.69592656339644,
        34.69592656339644,
        34.69592656339644
    ],
    "500.0": [
        40.72958500669344,
        40.30407343660356,
        40.748709122203095
    ],
    "1000.0": [
        43.3352457448843,
        42.58940524000765,
        42.59418626888506
    ],
    "1500.0": [
        44.68827691719258,
        44.10977242302543,
        44.13845859628992
    ],
    "2000.0": [
        45.54408108624976,
        45.027729967489,
        45.08510231401797
    ],
    "2500.0": [
        45.72576018359151,
        45.3910881621725,
        45.58232931726908
    ],
    "3000.0": [
        46.65806081468732,
        46.715433161216296,
        47.32740485752534
    ],
    "3500.0": [
        47.25090839548671,
        47.44214955058329,
        47.89634729393766
    ],
    "4000.0": [
        47.89634729393766,
        47.73857334098298,
        48.154522853318035
    ],
    "4500.0": [
        48.02543507362785,
        48.26926754637598,
        48.76649454962708
    ],
    "5000.0": [
        47.70988716771849,
        48.034997131382674,
        48.44616561484031
    ],
    "args": {
        "id": "clipart2sketch",
        "al_strat": "BADGE",
        "da_strat": "ft",
        "model_init": "source",
        "runs": 3,
        "source": "clipart",
        "target": "sketch",
        "total_budget": 5000,
        "num_rounds": 10,
        "cnn": "ResNet34",
        "optimizer": "Adam",
        "use_cuda": true,
        "batch_size": 64,
        "lr": 1e-05,
        "wd": 1e-05,
        "num_epochs": 50,
        "adapt_lr": 1e-05,
        "adapt_num_epochs": 20
    }
}