{
    "0.0": [
        40.839548670873974,
        40.839548670873974,
        40.839548670873974
    ],
    "500.0": [
        44.17670682730924,
        44.33448078026391,
        44.22451711608338
    ],
    "1000.0": [
        46.77280550774527,
        46.4524765729585,
        46.46203863071333
    ],
    "1500.0": [
        48.006310958118185,
        47.638171734557275,
        47.8102887741442
    ],
    "2000.0": [
        48.75215146299484,
        48.522662076878945,
        48.84777204054313
    ],
    "2500.0": [
        49.23025435073628,
        49.59839357429719,
        49.077261426659014
    ],
    "3000.0": [
        49.88047427806464,
        49.85178810480015,
        49.70835723847772
    ],
    "3500.0": [
        49.89003633581947,
        49.90437942245171,
        50.100401606425706
    ],
    "4000.0": [
        50.02390514438707,
        50.100401606425706,
        50.21036527060623
    ],
    "4500.0": [
        49.88047427806464,
        49.90437942245171,
        50.29164276152228
    ],
    "5000.0": [
        50.353796136928665,
        50.37292025243833,
        50.14821189519985
    ],
    "args": {
        "id": "clipart2sketch",
        "al_strat": "CLUE",
        "da_strat": "mme",
        "model_init": "source",
        "runs": 3,
        "source": "clipart",
        "target": "sketch",
        "total_budget": 5000,
        "num_rounds": 10,
        "cnn": "ResNet34",
        "optimizer": "Adam",
        "use_cuda": true,
        "batch_size": 128,
        "lr": 1e-05,
        "wd": 1e-05,
        "num_epochs": 50,
        "uda_lr": 3e-07,
        "uda_num_epochs": 50,
        "adapt_lr": 1e-05,
        "adapt_num_epochs": 20,
        "src_sup_wt": 0.1,
        "unsup_wt": 0.1,
        "cent_wt": 0.01
    }
}