{
    "0.0": [
        40.839548670873974,
        40.839548670873974,
        40.839548670873974
    ],
    "500.0": [
        43.83725377701281,
        44.02849493210939,
        43.68426085293555
    ],
    "1000.0": [
        45.534519028494934,
        45.85006693440428,
        45.70185503920444
    ],
    "1500.0": [
        46.92579843182253,
        47.083572384777206,
        46.82539682539682
    ],
    "2000.0": [
        47.752916427615226,
        47.77204054312488,
        47.83897494740868
    ],
    "2500.0": [
        48.47007075922738,
        48.307515777395295,
        48.68999808758845
    ],
    "3000.0": [
        48.709122203098104,
        48.56091030789826,
        48.99120290686556
    ],
    "3500.0": [
        49.14897685982023,
        49.043794224517114,
        49.278064639510426
    ],
    "4000.0": [
        49.27328361063301,
        49.25415949512335,
        49.258940524000764
    ],
    "4500.0": [
        49.6366418053165,
        49.407152419200614,
        49.593612545419774
    ],
    "5000.0": [
        49.62707974756167,
        49.62229871868426,
        49.70835723847772
    ],
    "args": {
        "id": "clipart2sketch",
        "al_strat": "uniform",
        "da_strat": "mme",
        "model_init": "source",
        "runs": 3,
        "source": "clipart",
        "target": "sketch",
        "total_budget": 5000,
        "num_rounds": 10,
        "cnn": "ResNet34",
        "optimizer": "Adam",
        "use_cuda": true,
        "batch_size": 128,
        "lr": 1e-05,
        "wd": 1e-05,
        "num_epochs": 50,
        "uda_lr": 3e-07,
        "uda_num_epochs": 50,
        "adapt_lr": 1e-05,
        "adapt_num_epochs": 20,
        "src_sup_wt": 0.1,
        "unsup_wt": 0.1,
        "cent_wt": 0.01
    }
}