{
    "0.0": [
        39.802065404475044,
        39.802065404475044,
        39.802065404475044
    ],
    "500.0": [
        42.876266972652516,
        43.210938994071526,
        43.08663224325875
    ],
    "1000.0": [
        44.19104991394148,
        45.381526104417674,
        44.94645247657296
    ],
    "1500.0": [
        44.8938611589214,
        46.22298718684261,
        46.09389940715242
    ],
    "2000.0": [
        45.91222030981067,
        46.815834767641995,
        46.87320711417097
    ],
    "2500.0": [
        46.10346146490725,
        47.026200038248234,
        47.20787913558998
    ],
    "3000.0": [
        47.16484987569325,
        47.98718684260853,
        48.125836680053546
    ],
    "3500.0": [
        47.848537005163514,
        48.52744310575636,
        48.66131191432396
    ],
    "4000.0": [
        48.35054503729202,
        49.03423216676229,
        49.22069229298145
    ],
    "4500.0": [
        48.62306368330465,
        49.35934213042647,
        49.85656913367757
    ],
    "5000.0": [
        48.71390323197552,
        49.15375788869765,
        49.75138649837445
    ],
    "args": {
        "id": "clipart2sketch",
        "al_strat": "AADA",
        "da_strat": "dann",
        "model_init": "source",
        "runs": 3,
        "source": "clipart",
        "target": "sketch",
        "total_budget": 5000,
        "num_rounds": 10,
        "cnn": "ResNet34",
        "optimizer": "Adam",
        "use_cuda": true,
        "batch_size": 64,
        "lr": 1e-05,
        "wd": 1e-05,
        "num_epochs": 50,
        "uda_lr": 3e-07,
        "uda_num_epochs": 50,
        "adapt_lr": 1e-05,
        "adapt_num_epochs": 20,
        "src_sup_wt": 0.1,
        "unsup_wt": 0.1,
        "cent_wt": 0.01
    }
}